,1x,1y,5x,5y,12x,12y,13x,13y,14x,14y
0,488.0,118.84615384615384,472.0,118.84615384615384,536.0,301.0769230769231,488.0,396.15384615384613,520.0,586.3076923076923
1,472.0,103.0,448.0,103.0,624.0,301.0769230769231,472.0,396.15384615384613,488.0,578.3846153846154
2,488.0,118.84615384615384,472.0,118.84615384615384,536.0,301.0769230769231,488.0,396.15384615384613,520.0,586.3076923076923
3,488.0,118.84615384615384,464.0,118.84615384615384,648.0,309.0,496.0,404.0769230769231,512.0,586.3076923076923
4,400.0,348.61538461538464,424.0,348.61538461538464,648.0,316.9230769230769,488.0,396.15384615384613,512.0,586.3076923076923
5,488.0,118.84615384615384,472.0,118.84615384615384,648.0,316.9230769230769,488.0,396.15384615384613,520.0,594.2307692307693
6,472.0,95.07692307692308,456.0,103.0,624.0,301.0769230769231,472.0,388.2307692307692,488.0,578.3846153846154
7,472.0,95.07692307692308,456.0,103.0,520.0,293.15384615384613,472.0,388.2307692307692,488.0,578.3846153846154
8,472.0,103.0,448.0,103.0,624.0,301.0769230769231,472.0,396.15384615384613,488.0,578.3846153846154
9,472.0,103.0,448.0,103.0,528.0,293.15384615384613,472.0,388.2307692307692,488.0,578.3846153846154
10,472.0,103.0,448.0,103.0,624.0,301.0769230769231,464.0,388.2307692307692,488.0,578.3846153846154
11,472.0,103.0,448.0,103.0,624.0,301.0769230769231,472.0,396.15384615384613,488.0,578.3846153846154
12,472.0,103.0,448.0,103.0,520.0,293.15384615384613,464.0,388.2307692307692,488.0,578.3846153846154
13,472.0,95.07692307692308,448.0,103.0,616.0,301.0769230769231,472.0,388.2307692307692,488.0,578.3846153846154
14,472.0,95.07692307692308,448.0,103.0,624.0,301.0769230769231,472.0,388.2307692307692,488.0,578.3846153846154
15,464.0,95.07692307692308,448.0,103.0,608.0,301.0769230769231,464.0,388.2307692307692,488.0,578.3846153846154
16,480.0,63.38461538461539,464.0,63.38461538461539,584.0,293.15384615384613,464.0,404.0769230769231,496.0,594.2307692307693
17,480.0,63.38461538461539,472.0,63.38461538461539,584.0,293.15384615384613,464.0,404.0769230769231,496.0,594.2307692307693
18,480.0,63.38461538461539,472.0,63.38461538461539,504.0,269.38461538461536,464.0,404.0769230769231,496.0,586.3076923076923
19,480.0,63.38461538461539,464.0,63.38461538461539,504.0,261.46153846153845,464.0,404.0769230769231,496.0,594.2307692307693
20,480.0,63.38461538461539,472.0,63.38461538461539,496.0,269.38461538461536,464.0,404.0769230769231,496.0,594.2307692307693
21,480.0,63.38461538461539,472.0,63.38461538461539,496.0,261.46153846153845,464.0,404.0769230769231,496.0,594.2307692307693
22,472.0,63.38461538461539,464.0,63.38461538461539,584.0,285.2307692307692,464.0,404.0769230769231,496.0,586.3076923076923
23,464.0,63.38461538461539,472.0,55.46153846153846,584.0,293.15384615384613,464.0,404.0769230769231,496.0,594.2307692307693
24,472.0,63.38461538461539,456.0,63.38461538461539,584.0,285.2307692307692,464.0,404.0769230769231,496.0,594.2307692307693
25,264.0,174.30769230769232,504.0,206.0,640.0,269.38461538461536,520.0,404.0769230769231,536.0,594.2307692307693
26,480.0,63.38461538461539,472.0,63.38461538461539,584.0,301.0769230769231,464.0,404.0769230769231,496.0,594.2307692307693
27,408.0,213.92307692307693,424.0,206.0,640.0,277.3076923076923,520.0,404.0769230769231,536.0,594.2307692307693
28,408.0,221.84615384615384,424.0,206.0,640.0,269.38461538461536,528.0,404.0769230769231,536.0,594.2307692307693
29,400.0,245.6153846153846,424.0,213.92307692307693,640.0,269.38461538461536,528.0,404.0769230769231,536.0,602.1538461538462
30,408.0,213.92307692307693,424.0,206.0,640.0,269.38461538461536,528.0,404.0769230769231,536.0,594.2307692307693
31,376.0,253.53846153846155,280.0,182.23076923076923,640.0,269.38461538461536,520.0,404.0769230769231,536.0,594.2307692307693
32,368.0,269.38461538461536,456.0,229.76923076923077,640.0,269.38461538461536,520.0,404.0769230769231,536.0,594.2307692307693
33,264.0,182.23076923076923,280.0,182.23076923076923,648.0,269.38461538461536,528.0,404.0769230769231,536.0,602.1538461538462
34,416.0,229.76923076923077,424.0,213.92307692307693,640.0,269.38461538461536,528.0,404.0769230769231,536.0,602.1538461538462
35,416.0,221.84615384615384,496.0,126.76923076923077,600.0,277.3076923076923,528.0,404.0769230769231,536.0,594.2307692307693
36,552.0,269.38461538461536,536.0,269.38461538461536,712.0,467.46153846153845,560.0,419.9230769230769,592.0,610.0769230769231
37,552.0,269.38461538461536,536.0,269.38461538461536,712.0,459.53846153846155,560.0,419.9230769230769,592.0,602.1538461538462
38,552.0,269.38461538461536,536.0,269.38461538461536,712.0,459.53846153846155,560.0,427.84615384615387,592.0,602.1538461538462
39,552.0,261.46153846153845,536.0,269.38461538461536,704.0,467.46153846153845,552.0,412.0,592.0,602.1538461538462
40,552.0,261.46153846153845,536.0,269.38461538461536,712.0,459.53846153846155,560.0,427.84615384615387,592.0,602.1538461538462
41,544.0,261.46153846153845,528.0,269.38461538461536,712.0,459.53846153846155,552.0,412.0,592.0,602.1538461538462
42,552.0,261.46153846153845,528.0,269.38461538461536,712.0,459.53846153846155,560.0,427.84615384615387,592.0,602.1538461538462
43,552.0,261.46153846153845,528.0,269.38461538461536,704.0,459.53846153846155,560.0,419.9230769230769,592.0,602.1538461538462
44,552.0,261.46153846153845,536.0,261.46153846153845,704.0,459.53846153846155,552.0,419.9230769230769,592.0,602.1538461538462
45,544.0,253.53846153846155,528.0,261.46153846153845,704.0,459.53846153846155,552.0,419.9230769230769,592.0,602.1538461538462
46,544.0,110.92307692307692,528.0,110.92307692307692,696.0,332.7692307692308,544.0,412.0,576.0,602.1538461538462
47,544.0,110.92307692307692,520.0,110.92307692307692,696.0,332.7692307692308,544.0,412.0,576.0,602.1538461538462
48,544.0,103.0,512.0,110.92307692307692,688.0,332.7692307692308,544.0,412.0,576.0,602.1538461538462
49,544.0,110.92307692307692,528.0,110.92307692307692,696.0,332.7692307692308,536.0,412.0,576.0,602.1538461538462
50,544.0,134.69230769230768,512.0,142.6153846153846,568.0,316.9230769230769,536.0,412.0,576.0,602.1538461538462
51,488.0,213.92307692307693,472.0,221.84615384615384,648.0,404.0769230769231,488.0,412.0,536.0,578.3846153846154
52,488.0,150.53846153846155,392.0,340.6923076923077,392.0,396.15384615384613,512.0,412.0,544.0,578.3846153846154
53,368.0,269.38461538461536,400.0,229.76923076923077,560.0,332.7692307692308,528.0,396.15384615384613,544.0,578.3846153846154
54,424.0,142.6153846153846,400.0,158.46153846153845,560.0,332.7692307692308,528.0,396.15384615384613,544.0,570.4615384615385
55,496.0,118.84615384615384,472.0,118.84615384615384,504.0,293.15384615384613,520.0,404.0769230769231,544.0,578.3846153846154
56,528.0,110.92307692307692,488.0,110.92307692307692,520.0,269.38461538461536,512.0,404.0769230769231,560.0,594.2307692307693
57,528.0,134.69230769230768,496.0,134.69230769230768,528.0,309.0,512.0,404.0769230769231,568.0,594.2307692307693
58,528.0,63.38461538461539,504.0,63.38461538461539,648.0,301.0769230769231,520.0,404.0769230769231,560.0,594.2307692307693
59,528.0,63.38461538461539,512.0,63.38461538461539,528.0,253.53846153846155,520.0,404.0769230769231,568.0,602.1538461538462
60,528.0,79.23076923076923,496.0,79.23076923076923,528.0,261.46153846153845,520.0,404.0769230769231,568.0,602.1538461538462
61,520.0,79.23076923076923,496.0,79.23076923076923,640.0,316.9230769230769,488.0,396.15384615384613,544.0,586.3076923076923
62,528.0,63.38461538461539,512.0,63.38461538461539,640.0,293.15384615384613,520.0,396.15384615384613,568.0,594.2307692307693
63,520.0,71.3076923076923,512.0,71.3076923076923,640.0,316.9230769230769,488.0,404.0769230769231,544.0,594.2307692307693
64,520.0,79.23076923076923,512.0,79.23076923076923,632.0,309.0,488.0,396.15384615384613,544.0,578.3846153846154
65,520.0,79.23076923076923,512.0,79.23076923076923,640.0,309.0,488.0,396.15384615384613,544.0,586.3076923076923
66,520.0,79.23076923076923,512.0,79.23076923076923,640.0,309.0,488.0,396.15384615384613,544.0,586.3076923076923
67,520.0,71.3076923076923,512.0,71.3076923076923,640.0,309.0,488.0,396.15384615384613,544.0,586.3076923076923
68,528.0,79.23076923076923,512.0,79.23076923076923,640.0,309.0,488.0,396.15384615384613,544.0,586.3076923076923
69,520.0,71.3076923076923,512.0,79.23076923076923,640.0,316.9230769230769,488.0,396.15384615384613,544.0,586.3076923076923
70,528.0,79.23076923076923,512.0,79.23076923076923,640.0,309.0,488.0,396.15384615384613,544.0,594.2307692307693
71,528.0,79.23076923076923,512.0,79.23076923076923,544.0,285.2307692307692,488.0,396.15384615384613,544.0,586.3076923076923
72,568.0,79.23076923076923,552.0,71.3076923076923,552.0,285.2307692307692,512.0,404.0769230769231,576.0,586.3076923076923
73,424.0,198.07692307692307,400.0,213.92307692307693,592.0,388.2307692307692,432.0,419.9230769230769,536.0,586.3076923076923
74,424.0,198.07692307692307,400.0,213.92307692307693,600.0,388.2307692307692,432.0,419.9230769230769,536.0,578.3846153846154
75,424.0,198.07692307692307,400.0,206.0,600.0,388.2307692307692,440.0,419.9230769230769,536.0,578.3846153846154
76,552.0,71.3076923076923,568.0,63.38461538461539,640.0,316.9230769230769,520.0,404.0769230769231,576.0,586.3076923076923
77,552.0,71.3076923076923,504.0,87.15384615384616,568.0,269.38461538461536,520.0,404.0769230769231,576.0,586.3076923076923
78,560.0,71.3076923076923,544.0,71.3076923076923,552.0,261.46153846153845,520.0,404.0769230769231,576.0,586.3076923076923
79,568.0,79.23076923076923,536.0,79.23076923076923,560.0,277.3076923076923,520.0,404.0769230769231,584.0,594.2307692307693
80,568.0,79.23076923076923,552.0,79.23076923076923,560.0,285.2307692307692,512.0,404.0769230769231,584.0,586.3076923076923
81,568.0,79.23076923076923,552.0,79.23076923076923,560.0,285.2307692307692,520.0,404.0769230769231,576.0,586.3076923076923
82,568.0,79.23076923076923,560.0,79.23076923076923,560.0,293.15384615384613,512.0,404.0769230769231,576.0,586.3076923076923
83,568.0,79.23076923076923,560.0,79.23076923076923,632.0,309.0,512.0,404.0769230769231,576.0,586.3076923076923
84,568.0,79.23076923076923,560.0,79.23076923076923,560.0,285.2307692307692,512.0,404.0769230769231,576.0,586.3076923076923
85,536.0,103.0,528.0,103.0,528.0,316.9230769230769,448.0,435.7692307692308,560.0,594.2307692307693
86,528.0,110.92307692307692,520.0,110.92307692307692,520.0,301.0769230769231,456.0,435.7692307692308,568.0,602.1538461538462
87,528.0,103.0,528.0,103.0,528.0,301.0769230769231,456.0,435.7692307692308,568.0,602.1538461538462
88,528.0,103.0,528.0,103.0,536.0,309.0,456.0,435.7692307692308,568.0,602.1538461538462
89,528.0,110.92307692307692,520.0,103.0,528.0,309.0,456.0,435.7692307692308,568.0,602.1538461538462
90,528.0,103.0,512.0,110.92307692307692,520.0,309.0,448.0,435.7692307692308,560.0,594.2307692307693
91,528.0,103.0,528.0,103.0,528.0,309.0,456.0,435.7692307692308,568.0,594.2307692307693
92,536.0,103.0,520.0,103.0,528.0,301.0769230769231,464.0,435.7692307692308,568.0,594.2307692307693
93,536.0,103.0,520.0,103.0,528.0,301.0769230769231,456.0,435.7692307692308,568.0,602.1538461538462
94,536.0,103.0,536.0,103.0,528.0,293.15384615384613,456.0,435.7692307692308,568.0,602.1538461538462
95,528.0,174.30769230769232,512.0,174.30769230769232,640.0,388.2307692307692,488.0,419.9230769230769,552.0,602.1538461538462
96,464.0,126.76923076923077,424.0,134.69230769230768,504.0,237.69230769230768,448.0,380.3076923076923,464.0,594.2307692307693
97,464.0,118.84615384615384,424.0,126.76923076923077,496.0,237.69230769230768,448.0,372.38461538461536,424.0,507.0769230769231
98,472.0,142.6153846153846,520.0,150.53846153846155,504.0,237.69230769230768,456.0,396.15384615384613,416.0,507.0769230769231
99,472.0,134.69230769230768,352.0,174.30769230769232,504.0,237.69230769230768,448.0,380.3076923076923,464.0,594.2307692307693
100,472.0,118.84615384615384,696.0,166.3846153846154,504.0,237.69230769230768,448.0,388.2307692307692,464.0,594.2307692307693
101,472.0,134.69230769230768,688.0,166.3846153846154,512.0,237.69230769230768,456.0,388.2307692307692,464.0,594.2307692307693
102,704.0,174.30769230769232,472.0,253.53846153846155,472.0,261.46153846153845,448.0,388.2307692307692,464.0,594.2307692307693
103,512.0,150.53846153846155,424.0,166.3846153846154,496.0,245.6153846153846,448.0,388.2307692307692,464.0,594.2307692307693
104,344.0,174.30769230769232,352.0,174.30769230769232,504.0,237.69230769230768,448.0,364.46153846153845,464.0,594.2307692307693
105,480.0,126.76923076923077,448.0,126.76923076923077,504.0,237.69230769230768,456.0,396.15384615384613,464.0,594.2307692307693
106,496.0,110.92307692307692,480.0,110.92307692307692,608.0,332.7692307692308,472.0,419.9230769230769,536.0,602.1538461538462
107,496.0,110.92307692307692,480.0,110.92307692307692,608.0,332.7692307692308,472.0,419.9230769230769,536.0,602.1538461538462
108,488.0,118.84615384615384,480.0,118.84615384615384,616.0,340.6923076923077,472.0,419.9230769230769,536.0,602.1538461538462
109,496.0,110.92307692307692,480.0,110.92307692307692,616.0,332.7692307692308,472.0,412.0,536.0,594.2307692307693
110,496.0,134.69230769230768,488.0,126.76923076923077,512.0,324.84615384615387,472.0,412.0,536.0,602.1538461538462
111,496.0,150.53846153846155,480.0,150.53846153846155,512.0,340.6923076923077,472.0,419.9230769230769,536.0,602.1538461538462
112,464.0,142.6153846153846,440.0,142.6153846153846,616.0,356.53846153846155,456.0,412.0,496.0,602.1538461538462
113,464.0,142.6153846153846,432.0,150.53846153846155,608.0,356.53846153846155,456.0,404.0769230769231,496.0,602.1538461538462
114,472.0,142.6153846153846,448.0,142.6153846153846,616.0,348.61538461538464,456.0,412.0,496.0,602.1538461538462
115,464.0,142.6153846153846,432.0,142.6153846153846,616.0,356.53846153846155,456.0,412.0,496.0,602.1538461538462
116,464.0,142.6153846153846,432.0,150.53846153846155,608.0,356.53846153846155,456.0,412.0,496.0,602.1538461538462
117,464.0,142.6153846153846,440.0,142.6153846153846,608.0,348.61538461538464,456.0,412.0,496.0,602.1538461538462
118,456.0,150.53846153846155,424.0,158.46153846153845,600.0,364.46153846153845,456.0,412.0,496.0,602.1538461538462
119,344.0,190.15384615384616,360.0,190.15384615384616,552.0,253.53846153846155,504.0,412.0,520.0,602.1538461538462
120,520.0,142.6153846153846,472.0,142.6153846153846,552.0,261.46153846153845,496.0,404.0769230769231,520.0,594.2307692307693
121,512.0,182.23076923076923,456.0,356.53846153846155,568.0,277.3076923076923,496.0,427.84615384615387,520.0,602.1538461538462
122,464.0,134.69230769230768,440.0,150.53846153846155,568.0,293.15384615384613,472.0,404.0769230769231,520.0,594.2307692307693
123,480.0,71.3076923076923,384.0,261.46153846153845,568.0,316.9230769230769,456.0,412.0,520.0,594.2307692307693
124,480.0,126.76923076923077,440.0,126.76923076923077,584.0,348.61538461538464,448.0,419.9230769230769,520.0,602.1538461538462
125,472.0,166.3846153846154,440.0,174.30769230769232,480.0,332.7692307692308,448.0,427.84615384615387,520.0,602.1538461538462
126,744.0,174.30769230769232,616.0,261.46153846153845,560.0,340.6923076923077,480.0,404.0769230769231,520.0,594.2307692307693
127,488.0,87.15384615384616,448.0,87.15384615384616,552.0,356.53846153846155,472.0,412.0,520.0,594.2307692307693
128,480.0,110.92307692307692,464.0,110.92307692307692,480.0,277.3076923076923,464.0,412.0,520.0,602.1538461538462
129,480.0,134.69230769230768,456.0,134.69230769230768,488.0,316.9230769230769,456.0,412.0,512.0,602.1538461538462
130,488.0,182.23076923076923,472.0,182.23076923076923,584.0,388.2307692307692,448.0,419.9230769230769,520.0,602.1538461538462
131,488.0,182.23076923076923,472.0,182.23076923076923,592.0,404.0769230769231,448.0,419.9230769230769,520.0,602.1538461538462
132,512.0,63.38461538461539,464.0,71.3076923076923,616.0,293.15384615384613,504.0,412.0,536.0,610.0769230769231
133,512.0,71.3076923076923,496.0,79.23076923076923,536.0,285.2307692307692,496.0,412.0,536.0,610.0769230769231
134,512.0,95.07692307692308,488.0,95.07692307692308,536.0,301.0769230769231,496.0,412.0,536.0,610.0769230769231
135,504.0,103.0,488.0,103.0,536.0,309.0,496.0,412.0,536.0,610.0769230769231
136,504.0,110.92307692307692,488.0,110.92307692307692,624.0,324.84615384615387,496.0,412.0,544.0,610.0769230769231
137,504.0,126.76923076923077,480.0,126.76923076923077,632.0,340.6923076923077,496.0,412.0,536.0,610.0769230769231
138,528.0,166.3846153846154,512.0,174.30769230769232,552.0,356.53846153846155,512.0,412.0,560.0,602.1538461538462
139,528.0,166.3846153846154,512.0,166.3846153846154,648.0,388.2307692307692,512.0,412.0,560.0,602.1538461538462
140,528.0,142.6153846153846,496.0,150.53846153846155,536.0,324.84615384615387,520.0,412.0,560.0,602.1538461538462
141,520.0,110.92307692307692,496.0,118.84615384615384,528.0,293.15384615384613,520.0,404.0769230769231,560.0,602.1538461538462
142,568.0,118.84615384615384,552.0,126.76923076923077,576.0,316.9230769230769,536.0,412.0,600.0,602.1538461538462
143,568.0,118.84615384615384,552.0,118.84615384615384,664.0,340.6923076923077,536.0,412.0,600.0,602.1538461538462
144,568.0,110.92307692307692,560.0,110.92307692307692,576.0,301.0769230769231,536.0,412.0,600.0,602.1538461538462
145,568.0,110.92307692307692,560.0,110.92307692307692,656.0,340.6923076923077,536.0,419.9230769230769,600.0,602.1538461538462
146,568.0,95.07692307692308,552.0,95.07692307692308,568.0,293.15384615384613,544.0,412.0,600.0,594.2307692307693
147,576.0,71.3076923076923,552.0,71.3076923076923,664.0,309.0,552.0,412.0,600.0,602.1538461538462
148,568.0,87.15384615384616,552.0,87.15384615384616,576.0,301.0769230769231,544.0,412.0,600.0,602.1538461538462
149,576.0,55.46153846153846,552.0,55.46153846153846,576.0,261.46153846153845,552.0,404.0769230769231,600.0,594.2307692307693
150,576.0,47.53846153846154,544.0,47.53846153846154,576.0,261.46153846153845,576.0,419.9230769230769,600.0,602.1538461538462
151,480.0,237.69230769230768,504.0,229.76923076923077,592.0,348.61538461538464,584.0,435.7692307692308,600.0,602.1538461538462
152,480.0,221.84615384615384,456.0,229.76923076923077,640.0,380.3076923076923,496.0,412.0,552.0,578.3846153846154
153,480.0,213.92307692307693,464.0,221.84615384615384,640.0,372.38461538461536,496.0,412.0,552.0,578.3846153846154
154,472.0,213.92307692307693,456.0,229.76923076923077,648.0,372.38461538461536,496.0,412.0,552.0,578.3846153846154
155,472.0,213.92307692307693,448.0,229.76923076923077,640.0,364.46153846153845,504.0,412.0,552.0,578.3846153846154
156,472.0,213.92307692307693,448.0,229.76923076923077,648.0,372.38461538461536,504.0,412.0,552.0,578.3846153846154
157,464.0,213.92307692307693,448.0,229.76923076923077,648.0,364.46153846153845,504.0,412.0,552.0,578.3846153846154
158,464.0,213.92307692307693,448.0,229.76923076923077,640.0,356.53846153846155,512.0,412.0,552.0,570.4615384615385
159,456.0,221.84615384615384,440.0,237.69230769230768,656.0,348.61538461538464,512.0,404.0769230769231,552.0,570.4615384615385
160,456.0,213.92307692307693,440.0,229.76923076923077,656.0,340.6923076923077,512.0,404.0769230769231,552.0,570.4615384615385
161,448.0,206.0,424.0,229.76923076923077,664.0,332.7692307692308,520.0,404.0769230769231,552.0,570.4615384615385
162,448.0,221.84615384615384,448.0,229.76923076923077,648.0,348.61538461538464,512.0,427.84615384615387,576.0,586.3076923076923
163,448.0,221.84615384615384,448.0,229.76923076923077,648.0,356.53846153846155,512.0,427.84615384615387,584.0,594.2307692307693
164,448.0,221.84615384615384,448.0,229.76923076923077,648.0,348.61538461538464,512.0,427.84615384615387,584.0,602.1538461538462
165,448.0,221.84615384615384,448.0,229.76923076923077,648.0,348.61538461538464,520.0,427.84615384615387,584.0,594.2307692307693
166,448.0,221.84615384615384,440.0,237.69230769230768,656.0,356.53846153846155,512.0,427.84615384615387,584.0,594.2307692307693
167,448.0,221.84615384615384,440.0,229.76923076923077,648.0,348.61538461538464,512.0,427.84615384615387,584.0,594.2307692307693
168,448.0,221.84615384615384,440.0,229.76923076923077,648.0,348.61538461538464,512.0,427.84615384615387,576.0,586.3076923076923
169,440.0,221.84615384615384,440.0,229.76923076923077,648.0,356.53846153846155,512.0,427.84615384615387,576.0,594.2307692307693
170,440.0,221.84615384615384,440.0,229.76923076923077,656.0,356.53846153846155,512.0,427.84615384615387,584.0,602.1538461538462
171,440.0,221.84615384615384,440.0,229.76923076923077,648.0,348.61538461538464,512.0,427.84615384615387,584.0,594.2307692307693
172,432.0,237.69230769230768,416.0,245.6153846153846,608.0,372.38461538461536,480.0,435.7692307692308,568.0,586.3076923076923
173,424.0,237.69230769230768,416.0,245.6153846153846,624.0,372.38461538461536,480.0,435.7692307692308,568.0,594.2307692307693
174,424.0,237.69230769230768,416.0,245.6153846153846,616.0,372.38461538461536,480.0,427.84615384615387,568.0,594.2307692307693
175,424.0,237.69230769230768,416.0,245.6153846153846,616.0,372.38461538461536,480.0,435.7692307692308,568.0,586.3076923076923
176,432.0,237.69230769230768,424.0,245.6153846153846,624.0,372.38461538461536,480.0,435.7692307692308,568.0,594.2307692307693
177,424.0,237.69230769230768,416.0,245.6153846153846,624.0,380.3076923076923,480.0,435.7692307692308,568.0,594.2307692307693
178,424.0,237.69230769230768,416.0,245.6153846153846,600.0,372.38461538461536,480.0,435.7692307692308,568.0,586.3076923076923
179,424.0,237.69230769230768,416.0,245.6153846153846,616.0,372.38461538461536,480.0,435.7692307692308,568.0,586.3076923076923
180,424.0,237.69230769230768,416.0,245.6153846153846,616.0,372.38461538461536,480.0,435.7692307692308,568.0,594.2307692307693
181,424.0,237.69230769230768,416.0,245.6153846153846,624.0,372.38461538461536,480.0,435.7692307692308,568.0,594.2307692307693
182,528.0,95.07692307692308,528.0,95.07692307692308,552.0,340.6923076923077,456.0,459.53846153846155,584.0,618.0
183,528.0,87.15384615384616,528.0,95.07692307692308,560.0,324.84615384615387,456.0,459.53846153846155,592.0,625.9230769230769
184,536.0,87.15384615384616,536.0,87.15384615384616,560.0,324.84615384615387,464.0,459.53846153846155,592.0,625.9230769230769
185,528.0,87.15384615384616,536.0,87.15384615384616,560.0,332.7692307692308,456.0,459.53846153846155,592.0,625.9230769230769
186,536.0,87.15384615384616,536.0,87.15384615384616,560.0,332.7692307692308,464.0,459.53846153846155,592.0,625.9230769230769
187,536.0,95.07692307692308,536.0,87.15384615384616,560.0,324.84615384615387,464.0,459.53846153846155,592.0,625.9230769230769
188,536.0,79.23076923076923,552.0,87.15384615384616,560.0,332.7692307692308,472.0,459.53846153846155,592.0,625.9230769230769
189,552.0,79.23076923076923,560.0,79.23076923076923,560.0,324.84615384615387,472.0,459.53846153846155,592.0,625.9230769230769
190,552.0,79.23076923076923,552.0,79.23076923076923,568.0,324.84615384615387,472.0,459.53846153846155,592.0,625.9230769230769
191,536.0,79.23076923076923,544.0,71.3076923076923,568.0,316.9230769230769,480.0,451.61538461538464,592.0,625.9230769230769
192,464.0,206.0,448.0,221.84615384615384,648.0,372.38461538461536,496.0,427.84615384615387,568.0,618.0
193,464.0,206.0,448.0,213.92307692307693,656.0,364.46153846153845,504.0,427.84615384615387,568.0,618.0
194,464.0,206.0,440.0,221.84615384615384,648.0,372.38461538461536,504.0,427.84615384615387,568.0,618.0
195,464.0,198.07692307692307,456.0,206.0,656.0,364.46153846153845,504.0,419.9230769230769,568.0,618.0
196,464.0,198.07692307692307,448.0,213.92307692307693,656.0,356.53846153846155,504.0,419.9230769230769,568.0,625.9230769230769
197,472.0,190.15384615384616,456.0,198.07692307692307,640.0,396.15384615384613,512.0,419.9230769230769,568.0,618.0
198,472.0,182.23076923076923,456.0,190.15384615384616,664.0,340.6923076923077,520.0,419.9230769230769,568.0,618.0
199,480.0,166.3846153846154,464.0,182.23076923076923,656.0,332.7692307692308,520.0,419.9230769230769,568.0,618.0
200,480.0,158.46153846153845,456.0,174.30769230769232,656.0,324.84615384615387,520.0,419.9230769230769,568.0,625.9230769230769
201,472.0,142.6153846153846,440.0,166.3846153846154,632.0,372.38461538461536,520.0,419.9230769230769,568.0,618.0
202,176.0,213.92307692307693,144.0,221.84615384615384,344.0,396.15384615384613,168.0,435.7692307692308,256.0,602.1538461538462
203,176.0,213.92307692307693,144.0,221.84615384615384,352.0,396.15384615384613,176.0,443.6923076923077,256.0,602.1538461538462
204,176.0,213.92307692307693,144.0,221.84615384615384,352.0,404.0769230769231,168.0,435.7692307692308,256.0,602.1538461538462
205,176.0,213.92307692307693,144.0,221.84615384615384,352.0,404.0769230769231,168.0,435.7692307692308,256.0,602.1538461538462
206,168.0,213.92307692307693,136.0,221.84615384615384,352.0,396.15384615384613,168.0,435.7692307692308,256.0,602.1538461538462
207,168.0,213.92307692307693,136.0,221.84615384615384,344.0,396.15384615384613,168.0,443.6923076923077,256.0,602.1538461538462
208,168.0,213.92307692307693,136.0,221.84615384615384,352.0,396.15384615384613,168.0,443.6923076923077,256.0,602.1538461538462
209,168.0,213.92307692307693,136.0,221.84615384615384,344.0,396.15384615384613,168.0,443.6923076923077,256.0,602.1538461538462
210,168.0,213.92307692307693,136.0,221.84615384615384,344.0,396.15384615384613,168.0,435.7692307692308,256.0,602.1538461538462
211,168.0,213.92307692307693,136.0,221.84615384615384,344.0,396.15384615384613,168.0,435.7692307692308,256.0,602.1538461538462
212,472.0,198.07692307692307,464.0,206.0,608.0,388.2307692307692,472.0,419.9230769230769,520.0,586.3076923076923
213,464.0,198.07692307692307,456.0,206.0,616.0,380.3076923076923,480.0,419.9230769230769,520.0,586.3076923076923
214,464.0,206.0,456.0,206.0,624.0,388.2307692307692,480.0,419.9230769230769,520.0,594.2307692307693
215,464.0,206.0,456.0,206.0,616.0,388.2307692307692,488.0,419.9230769230769,520.0,594.2307692307693
216,536.0,126.76923076923077,528.0,126.76923076923077,576.0,348.61538461538464,496.0,443.6923076923077,584.0,625.9230769230769
217,528.0,126.76923076923077,528.0,126.76923076923077,584.0,340.6923076923077,440.0,388.2307692307692,584.0,625.9230769230769
218,528.0,126.76923076923077,528.0,126.76923076923077,576.0,348.61538461538464,496.0,443.6923076923077,584.0,625.9230769230769
219,528.0,118.84615384615384,528.0,126.76923076923077,520.0,324.84615384615387,440.0,388.2307692307692,584.0,625.9230769230769
220,528.0,126.76923076923077,528.0,126.76923076923077,576.0,348.61538461538464,440.0,388.2307692307692,584.0,625.9230769230769
221,528.0,126.76923076923077,528.0,126.76923076923077,576.0,340.6923076923077,440.0,388.2307692307692,584.0,625.9230769230769
222,520.0,126.76923076923077,528.0,126.76923076923077,568.0,356.53846153846155,488.0,443.6923076923077,584.0,625.9230769230769
223,528.0,126.76923076923077,528.0,126.76923076923077,504.0,324.84615384615387,488.0,443.6923076923077,584.0,625.9230769230769
224,528.0,126.76923076923077,520.0,126.76923076923077,560.0,348.61538461538464,440.0,388.2307692307692,576.0,618.0
225,528.0,126.76923076923077,528.0,126.76923076923077,568.0,348.61538461538464,432.0,388.2307692307692,584.0,618.0
226,368.0,206.0,360.0,213.92307692307693,536.0,372.38461538461536,424.0,427.84615384615387,464.0,649.6923076923077
227,368.0,198.07692307692307,360.0,206.0,552.0,364.46153846153845,424.0,427.84615384615387,464.0,641.7692307692307
228,368.0,198.07692307692307,352.0,213.92307692307693,552.0,364.46153846153845,424.0,427.84615384615387,464.0,641.7692307692307
229,360.0,206.0,360.0,206.0,552.0,372.38461538461536,432.0,427.84615384615387,464.0,641.7692307692307
230,352.0,206.0,344.0,213.92307692307693,552.0,356.53846153846155,432.0,427.84615384615387,464.0,641.7692307692307
231,344.0,213.92307692307693,344.0,213.92307692307693,552.0,372.38461538461536,432.0,427.84615384615387,464.0,641.7692307692307
232,344.0,213.92307692307693,328.0,229.76923076923077,552.0,364.46153846153845,432.0,427.84615384615387,464.0,641.7692307692307
233,336.0,198.07692307692307,320.0,213.92307692307693,552.0,324.84615384615387,440.0,419.9230769230769,464.0,625.9230769230769
234,336.0,174.30769230769232,312.0,190.15384615384616,552.0,324.84615384615387,440.0,419.9230769230769,464.0,641.7692307692307
235,336.0,166.3846153846154,312.0,190.15384615384616,552.0,340.6923076923077,440.0,419.9230769230769,464.0,633.8461538461538
236,720.0,182.23076923076923,744.0,182.23076923076923,544.0,332.7692307692308,544.0,412.0,544.0,602.1538461538462
237,344.0,221.84615384615384,328.0,237.69230769230768,536.0,372.38461538461536,392.0,412.0,424.0,570.4615384615385
238,344.0,221.84615384615384,328.0,229.76923076923077,528.0,372.38461538461536,392.0,419.9230769230769,424.0,586.3076923076923
239,344.0,221.84615384615384,336.0,221.84615384615384,536.0,372.38461538461536,392.0,419.9230769230769,424.0,594.2307692307693
240,344.0,221.84615384615384,328.0,229.76923076923077,528.0,380.3076923076923,384.0,427.84615384615387,424.0,594.2307692307693
241,352.0,213.92307692307693,328.0,229.76923076923077,520.0,388.2307692307692,376.0,419.9230769230769,424.0,594.2307692307693
242,344.0,221.84615384615384,328.0,229.76923076923077,520.0,396.15384615384613,368.0,419.9230769230769,424.0,594.2307692307693
243,344.0,221.84615384615384,328.0,229.76923076923077,520.0,396.15384615384613,368.0,427.84615384615387,424.0,594.2307692307693
244,344.0,221.84615384615384,328.0,229.76923076923077,520.0,396.15384615384613,368.0,427.84615384615387,424.0,594.2307692307693
245,344.0,221.84615384615384,328.0,229.76923076923077,520.0,396.15384615384613,368.0,427.84615384615387,424.0,594.2307692307693
246,344.0,221.84615384615384,328.0,229.76923076923077,512.0,396.15384615384613,368.0,427.84615384615387,424.0,594.2307692307693
247,432.0,229.76923076923077,416.0,229.76923076923077,576.0,380.3076923076923,440.0,412.0,496.0,570.4615384615385
248,432.0,229.76923076923077,408.0,237.69230769230768,568.0,380.3076923076923,440.0,412.0,496.0,562.5384615384615
249,432.0,221.84615384615384,416.0,229.76923076923077,576.0,380.3076923076923,448.0,412.0,496.0,570.4615384615385
250,432.0,221.84615384615384,408.0,229.76923076923077,576.0,388.2307692307692,440.0,412.0,496.0,562.5384615384615
251,424.0,221.84615384615384,408.0,229.76923076923077,576.0,380.3076923076923,440.0,412.0,496.0,570.4615384615385
252,432.0,221.84615384615384,408.0,229.76923076923077,568.0,380.3076923076923,448.0,412.0,496.0,562.5384615384615
253,432.0,221.84615384615384,416.0,221.84615384615384,584.0,380.3076923076923,448.0,412.0,496.0,562.5384615384615
254,432.0,221.84615384615384,416.0,221.84615384615384,584.0,380.3076923076923,440.0,412.0,496.0,570.4615384615385
255,432.0,221.84615384615384,408.0,229.76923076923077,584.0,380.3076923076923,440.0,412.0,496.0,570.4615384615385
256,432.0,229.76923076923077,416.0,237.69230769230768,584.0,388.2307692307692,440.0,412.0,496.0,562.5384615384615
257,464.0,261.46153846153845,488.0,253.53846153846155,656.0,412.0,528.0,435.7692307692308,584.0,641.7692307692307
258,464.0,261.46153846153845,480.0,253.53846153846155,656.0,404.0769230769231,528.0,435.7692307692308,592.0,641.7692307692307
259,464.0,261.46153846153845,480.0,253.53846153846155,664.0,404.0769230769231,528.0,435.7692307692308,584.0,633.8461538461538
260,464.0,261.46153846153845,480.0,253.53846153846155,656.0,396.15384615384613,520.0,435.7692307692308,584.0,633.8461538461538
261,464.0,261.46153846153845,480.0,253.53846153846155,656.0,404.0769230769231,520.0,435.7692307692308,584.0,641.7692307692307
262,464.0,261.46153846153845,480.0,253.53846153846155,656.0,404.0769230769231,520.0,435.7692307692308,592.0,649.6923076923077
263,464.0,261.46153846153845,480.0,253.53846153846155,656.0,404.0769230769231,520.0,435.7692307692308,592.0,641.7692307692307
264,464.0,261.46153846153845,480.0,253.53846153846155,656.0,404.0769230769231,520.0,435.7692307692308,584.0,641.7692307692307
265,464.0,261.46153846153845,480.0,253.53846153846155,656.0,404.0769230769231,520.0,435.7692307692308,584.0,641.7692307692307
266,464.0,261.46153846153845,480.0,253.53846153846155,656.0,404.0769230769231,520.0,435.7692307692308,584.0,633.8461538461538
267,408.0,198.07692307692307,400.0,206.0,584.0,356.53846153846155,464.0,427.84615384615387,528.0,625.9230769230769
268,400.0,198.07692307692307,400.0,206.0,592.0,348.61538461538464,464.0,427.84615384615387,528.0,625.9230769230769
269,408.0,190.15384615384616,400.0,206.0,592.0,340.6923076923077,464.0,427.84615384615387,528.0,625.9230769230769
270,408.0,190.15384615384616,400.0,206.0,592.0,348.61538461538464,464.0,427.84615384615387,528.0,625.9230769230769
271,408.0,190.15384615384616,408.0,198.07692307692307,592.0,348.61538461538464,464.0,419.9230769230769,528.0,625.9230769230769
272,416.0,182.23076923076923,408.0,198.07692307692307,592.0,348.61538461538464,464.0,419.9230769230769,528.0,625.9230769230769
273,416.0,182.23076923076923,416.0,190.15384615384616,592.0,340.6923076923077,472.0,419.9230769230769,528.0,625.9230769230769
274,424.0,166.3846153846154,416.0,174.30769230769232,592.0,316.9230769230769,480.0,419.9230769230769,528.0,625.9230769230769
275,424.0,166.3846153846154,424.0,174.30769230769232,592.0,316.9230769230769,480.0,419.9230769230769,528.0,618.0
276,504.0,198.07692307692307,496.0,198.07692307692307,624.0,412.0,504.0,435.7692307692308,568.0,625.9230769230769
277,424.0,166.3846153846154,432.0,166.3846153846154,592.0,316.9230769230769,480.0,419.9230769230769,528.0,618.0
278,496.0,198.07692307692307,488.0,206.0,616.0,412.0,504.0,427.84615384615387,568.0,633.8461538461538
279,504.0,198.07692307692307,488.0,198.07692307692307,624.0,412.0,504.0,427.84615384615387,568.0,633.8461538461538
280,504.0,198.07692307692307,480.0,206.0,624.0,412.0,504.0,435.7692307692308,568.0,633.8461538461538
281,504.0,198.07692307692307,472.0,206.0,624.0,412.0,504.0,435.7692307692308,568.0,625.9230769230769
282,424.0,190.15384615384616,424.0,198.07692307692307,616.0,301.0769230769231,504.0,404.0769230769231,520.0,578.3846153846154
283,424.0,190.15384615384616,424.0,198.07692307692307,624.0,301.0769230769231,504.0,404.0769230769231,520.0,578.3846153846154
284,424.0,190.15384615384616,424.0,198.07692307692307,624.0,301.0769230769231,504.0,404.0769230769231,520.0,578.3846153846154
285,424.0,190.15384615384616,424.0,198.07692307692307,624.0,301.0769230769231,504.0,404.0769230769231,520.0,578.3846153846154
286,424.0,190.15384615384616,424.0,198.07692307692307,624.0,309.0,504.0,404.0769230769231,520.0,578.3846153846154
287,424.0,182.23076923076923,432.0,190.15384615384616,624.0,309.0,504.0,404.0769230769231,520.0,586.3076923076923
288,424.0,174.30769230769232,424.0,182.23076923076923,632.0,309.0,504.0,404.0769230769231,520.0,578.3846153846154
289,424.0,174.30769230769232,432.0,166.3846153846154,616.0,301.0769230769231,504.0,404.0769230769231,520.0,586.3076923076923
290,424.0,166.3846153846154,432.0,166.3846153846154,616.0,301.0769230769231,504.0,404.0769230769231,520.0,578.3846153846154
291,424.0,166.3846153846154,432.0,174.30769230769232,624.0,293.15384615384613,504.0,404.0769230769231,520.0,578.3846153846154
292,488.0,293.15384615384613,480.0,309.0,672.0,419.9230769230769,520.0,435.7692307692308,600.0,618.0
293,480.0,293.15384615384613,472.0,316.9230769230769,664.0,419.9230769230769,520.0,435.7692307692308,600.0,618.0
294,472.0,293.15384615384613,464.0,316.9230769230769,688.0,419.9230769230769,512.0,435.7692307692308,600.0,625.9230769230769
295,472.0,293.15384615384613,464.0,316.9230769230769,664.0,427.84615384615387,512.0,435.7692307692308,600.0,618.0
296,464.0,293.15384615384613,456.0,316.9230769230769,648.0,412.0,504.0,443.6923076923077,600.0,618.0
297,464.0,293.15384615384613,448.0,324.84615384615387,664.0,427.84615384615387,504.0,443.6923076923077,600.0,618.0
298,456.0,293.15384615384613,432.0,316.9230769230769,648.0,427.84615384615387,488.0,443.6923076923077,600.0,618.0
299,448.0,277.3076923076923,432.0,293.15384615384613,656.0,443.6923076923077,480.0,459.53846153846155,592.0,618.0
300,448.0,277.3076923076923,424.0,293.15384615384613,648.0,412.0,472.0,451.61538461538464,592.0,618.0
301,440.0,269.38461538461536,416.0,293.15384615384613,656.0,443.6923076923077,456.0,451.61538461538464,592.0,610.0769230769231
302,472.0,269.38461538461536,456.0,285.2307692307692,672.0,435.7692307692308,504.0,443.6923076923077,592.0,618.0
303,472.0,269.38461538461536,456.0,285.2307692307692,664.0,435.7692307692308,504.0,443.6923076923077,592.0,618.0
304,472.0,277.3076923076923,456.0,285.2307692307692,664.0,435.7692307692308,496.0,443.6923076923077,592.0,618.0
305,472.0,277.3076923076923,456.0,293.15384615384613,664.0,435.7692307692308,496.0,443.6923076923077,592.0,618.0
306,472.0,277.3076923076923,456.0,293.15384615384613,672.0,435.7692307692308,496.0,443.6923076923077,592.0,618.0
307,472.0,277.3076923076923,456.0,285.2307692307692,648.0,419.9230769230769,496.0,443.6923076923077,592.0,618.0
308,472.0,277.3076923076923,456.0,285.2307692307692,640.0,412.0,496.0,443.6923076923077,592.0,618.0
309,472.0,277.3076923076923,456.0,285.2307692307692,640.0,412.0,496.0,443.6923076923077,592.0,618.0
310,472.0,277.3076923076923,448.0,285.2307692307692,640.0,412.0,496.0,443.6923076923077,592.0,618.0
311,472.0,269.38461538461536,448.0,285.2307692307692,656.0,412.0,496.0,443.6923076923077,592.0,618.0
312,488.0,190.15384615384616,480.0,198.07692307692307,664.0,348.61538461538464,504.0,427.84615384615387,584.0,618.0
313,488.0,190.15384615384616,472.0,206.0,672.0,364.46153846153845,504.0,427.84615384615387,584.0,618.0
314,488.0,190.15384615384616,472.0,198.07692307692307,664.0,356.53846153846155,504.0,427.84615384615387,584.0,610.0769230769231
315,488.0,190.15384615384616,472.0,198.07692307692307,648.0,348.61538461538464,504.0,427.84615384615387,584.0,618.0
316,480.0,190.15384615384616,472.0,198.07692307692307,664.0,348.61538461538464,504.0,435.7692307692308,584.0,610.0769230769231
317,480.0,190.15384615384616,472.0,198.07692307692307,664.0,348.61538461538464,504.0,427.84615384615387,584.0,610.0769230769231
318,480.0,190.15384615384616,472.0,198.07692307692307,672.0,356.53846153846155,504.0,427.84615384615387,584.0,618.0
319,480.0,190.15384615384616,464.0,206.0,672.0,348.61538461538464,504.0,427.84615384615387,584.0,618.0
320,480.0,190.15384615384616,472.0,198.07692307692307,672.0,348.61538461538464,504.0,427.84615384615387,584.0,618.0
321,480.0,190.15384615384616,464.0,198.07692307692307,672.0,348.61538461538464,504.0,427.84615384615387,584.0,618.0
322,472.0,198.07692307692307,456.0,206.0,664.0,348.61538461538464,504.0,427.84615384615387,584.0,594.2307692307693
323,472.0,198.07692307692307,456.0,213.92307692307693,664.0,348.61538461538464,504.0,427.84615384615387,584.0,594.2307692307693
324,472.0,198.07692307692307,448.0,213.92307692307693,664.0,348.61538461538464,504.0,427.84615384615387,584.0,594.2307692307693
325,464.0,198.07692307692307,440.0,221.84615384615384,664.0,348.61538461538464,504.0,427.84615384615387,584.0,602.1538461538462
326,464.0,198.07692307692307,440.0,221.84615384615384,664.0,356.53846153846155,496.0,427.84615384615387,584.0,594.2307692307693
327,464.0,198.07692307692307,448.0,206.0,656.0,340.6923076923077,504.0,427.84615384615387,584.0,594.2307692307693
328,464.0,198.07692307692307,440.0,213.92307692307693,664.0,340.6923076923077,504.0,427.84615384615387,576.0,594.2307692307693
329,464.0,198.07692307692307,432.0,221.84615384615384,664.0,332.7692307692308,504.0,419.9230769230769,584.0,594.2307692307693
330,464.0,198.07692307692307,440.0,213.92307692307693,672.0,332.7692307692308,504.0,419.9230769230769,584.0,594.2307692307693
331,464.0,198.07692307692307,440.0,213.92307692307693,672.0,332.7692307692308,512.0,419.9230769230769,584.0,602.1538461538462
332,472.0,237.69230769230768,456.0,245.6153846153846,648.0,404.0769230769231,512.0,451.61538461538464,608.0,633.8461538461538
333,472.0,237.69230769230768,456.0,237.69230769230768,648.0,396.15384615384613,512.0,451.61538461538464,608.0,633.8461538461538
334,472.0,237.69230769230768,456.0,245.6153846153846,664.0,396.15384615384613,504.0,451.61538461538464,608.0,633.8461538461538
335,472.0,237.69230769230768,456.0,245.6153846153846,656.0,396.15384615384613,504.0,451.61538461538464,608.0,633.8461538461538
336,472.0,237.69230769230768,456.0,245.6153846153846,664.0,396.15384615384613,504.0,451.61538461538464,608.0,633.8461538461538
337,472.0,237.69230769230768,456.0,245.6153846153846,656.0,388.2307692307692,504.0,451.61538461538464,608.0,633.8461538461538
338,472.0,237.69230769230768,456.0,245.6153846153846,648.0,396.15384615384613,504.0,451.61538461538464,600.0,625.9230769230769
339,472.0,237.69230769230768,456.0,245.6153846153846,664.0,388.2307692307692,504.0,451.61538461538464,600.0,625.9230769230769
340,472.0,237.69230769230768,456.0,245.6153846153846,664.0,396.15384615384613,504.0,451.61538461538464,608.0,633.8461538461538
341,464.0,237.69230769230768,448.0,245.6153846153846,664.0,396.15384615384613,504.0,451.61538461538464,608.0,633.8461538461538
342,488.0,253.53846153846155,464.0,261.46153846153845,688.0,364.46153846153845,520.0,427.84615384615387,600.0,602.1538461538462
343,480.0,253.53846153846155,448.0,277.3076923076923,696.0,388.2307692307692,520.0,435.7692307692308,600.0,602.1538461538462
344,480.0,253.53846153846155,456.0,269.38461538461536,640.0,380.3076923076923,520.0,435.7692307692308,600.0,602.1538461538462
345,480.0,245.6153846153846,456.0,269.38461538461536,696.0,372.38461538461536,520.0,435.7692307692308,600.0,602.1538461538462
346,472.0,253.53846153846155,440.0,277.3076923076923,688.0,364.46153846153845,520.0,435.7692307692308,600.0,602.1538461538462
347,480.0,245.6153846153846,456.0,253.53846153846155,680.0,356.53846153846155,520.0,435.7692307692308,600.0,602.1538461538462
348,480.0,237.69230769230768,456.0,245.6153846153846,672.0,340.6923076923077,520.0,435.7692307692308,600.0,602.1538461538462
349,480.0,229.76923076923077,456.0,245.6153846153846,688.0,356.53846153846155,520.0,435.7692307692308,600.0,594.2307692307693
350,480.0,229.76923076923077,464.0,245.6153846153846,696.0,356.53846153846155,520.0,427.84615384615387,600.0,594.2307692307693
351,480.0,237.69230769230768,464.0,245.6153846153846,696.0,356.53846153846155,528.0,435.7692307692308,600.0,594.2307692307693
352,488.0,340.6923076923077,504.0,348.61538461538464,648.0,507.0769230769231,512.0,459.53846153846155,568.0,610.0769230769231
353,488.0,340.6923076923077,504.0,348.61538461538464,648.0,507.0769230769231,512.0,459.53846153846155,568.0,602.1538461538462
354,488.0,340.6923076923077,496.0,348.61538461538464,648.0,499.15384615384613,552.0,443.6923076923077,632.0,451.61538461538464
355,488.0,340.6923076923077,504.0,348.61538461538464,648.0,507.0769230769231,560.0,443.6923076923077,632.0,451.61538461538464
356,488.0,340.6923076923077,504.0,348.61538461538464,648.0,507.0769230769231,560.0,451.61538461538464,632.0,451.61538461538464
357,488.0,340.6923076923077,504.0,348.61538461538464,648.0,507.0769230769231,560.0,451.61538461538464,632.0,451.61538461538464
358,480.0,340.6923076923077,496.0,348.61538461538464,648.0,507.0769230769231,576.0,618.0,624.0,451.61538461538464
359,480.0,340.6923076923077,496.0,348.61538461538464,640.0,499.15384615384613,552.0,443.6923076923077,624.0,451.61538461538464
360,488.0,348.61538461538464,496.0,356.53846153846155,640.0,507.0769230769231,552.0,451.61538461538464,624.0,451.61538461538464
361,480.0,348.61538461538464,496.0,356.53846153846155,648.0,507.0769230769231,552.0,451.61538461538464,624.0,443.6923076923077
362,480.0,237.69230769230768,464.0,253.53846153846155,632.0,419.9230769230769,472.0,443.6923076923077,560.0,602.1538461538462
363,448.0,198.07692307692307,448.0,198.07692307692307,648.0,340.6923076923077,496.0,412.0,544.0,586.3076923076923
364,448.0,190.15384615384616,456.0,190.15384615384616,648.0,340.6923076923077,496.0,412.0,544.0,594.2307692307693
365,448.0,198.07692307692307,448.0,198.07692307692307,648.0,340.6923076923077,496.0,419.9230769230769,544.0,586.3076923076923
366,448.0,190.15384615384616,448.0,198.07692307692307,656.0,332.7692307692308,496.0,412.0,544.0,594.2307692307693
367,448.0,190.15384615384616,456.0,190.15384615384616,656.0,340.6923076923077,496.0,419.9230769230769,544.0,594.2307692307693
368,448.0,190.15384615384616,456.0,190.15384615384616,656.0,340.6923076923077,504.0,412.0,544.0,594.2307692307693
369,456.0,198.07692307692307,432.0,221.84615384615384,648.0,348.61538461538464,504.0,419.9230769230769,544.0,594.2307692307693
370,456.0,206.0,440.0,221.84615384615384,632.0,348.61538461538464,496.0,419.9230769230769,544.0,594.2307692307693
371,456.0,221.84615384615384,440.0,237.69230769230768,632.0,364.46153846153845,488.0,419.9230769230769,536.0,570.4615384615385
372,456.0,221.84615384615384,448.0,237.69230769230768,648.0,380.3076923076923,488.0,419.9230769230769,544.0,594.2307692307693
373,496.0,237.69230769230768,480.0,245.6153846153846,664.0,435.7692307692308,512.0,427.84615384615387,560.0,610.0769230769231
374,496.0,332.7692307692308,480.0,340.6923076923077,648.0,491.2307692307692,496.0,435.7692307692308,568.0,586.3076923076923
375,496.0,324.84615384615387,472.0,340.6923076923077,656.0,491.2307692307692,496.0,427.84615384615387,568.0,586.3076923076923
376,496.0,324.84615384615387,472.0,340.6923076923077,656.0,491.2307692307692,496.0,435.7692307692308,496.0,610.0769230769231
377,496.0,324.84615384615387,480.0,340.6923076923077,656.0,499.15384615384613,496.0,427.84615384615387,568.0,586.3076923076923
378,496.0,324.84615384615387,480.0,340.6923076923077,648.0,491.2307692307692,504.0,435.7692307692308,496.0,610.0769230769231
379,504.0,324.84615384615387,480.0,340.6923076923077,656.0,491.2307692307692,496.0,427.84615384615387,568.0,586.3076923076923
380,496.0,332.7692307692308,480.0,348.61538461538464,664.0,491.2307692307692,496.0,435.7692307692308,568.0,586.3076923076923
381,496.0,332.7692307692308,472.0,356.53846153846155,664.0,491.2307692307692,496.0,435.7692307692308,568.0,586.3076923076923
382,496.0,332.7692307692308,480.0,348.61538461538464,656.0,499.15384615384613,504.0,443.6923076923077,560.0,578.3846153846154
383,496.0,340.6923076923077,472.0,356.53846153846155,648.0,507.0769230769231,496.0,435.7692307692308,568.0,586.3076923076923
384,512.0,316.9230769230769,488.0,332.7692307692308,656.0,483.3076923076923,512.0,435.7692307692308,568.0,625.9230769230769
385,504.0,316.9230769230769,488.0,324.84615384615387,656.0,483.3076923076923,512.0,435.7692307692308,568.0,625.9230769230769
386,512.0,316.9230769230769,488.0,324.84615384615387,656.0,483.3076923076923,520.0,435.7692307692308,568.0,625.9230769230769
387,512.0,316.9230769230769,488.0,332.7692307692308,656.0,483.3076923076923,520.0,435.7692307692308,568.0,625.9230769230769
388,512.0,316.9230769230769,496.0,324.84615384615387,656.0,483.3076923076923,520.0,435.7692307692308,568.0,625.9230769230769
389,512.0,316.9230769230769,488.0,332.7692307692308,648.0,483.3076923076923,520.0,435.7692307692308,568.0,625.9230769230769
390,512.0,316.9230769230769,488.0,324.84615384615387,656.0,483.3076923076923,520.0,435.7692307692308,568.0,625.9230769230769
391,512.0,316.9230769230769,488.0,332.7692307692308,656.0,491.2307692307692,520.0,435.7692307692308,568.0,625.9230769230769
392,512.0,316.9230769230769,488.0,332.7692307692308,656.0,483.3076923076923,520.0,435.7692307692308,568.0,625.9230769230769
393,512.0,316.9230769230769,488.0,332.7692307692308,656.0,483.3076923076923,520.0,435.7692307692308,568.0,625.9230769230769
394,520.0,309.0,504.0,324.84615384615387,656.0,483.3076923076923,528.0,435.7692307692308,584.0,602.1538461538462
395,520.0,309.0,504.0,324.84615384615387,664.0,483.3076923076923,528.0,435.7692307692308,584.0,602.1538461538462
396,520.0,309.0,504.0,324.84615384615387,656.0,483.3076923076923,528.0,435.7692307692308,584.0,602.1538461538462
397,520.0,309.0,512.0,316.9230769230769,664.0,483.3076923076923,528.0,435.7692307692308,584.0,602.1538461538462
398,520.0,309.0,512.0,316.9230769230769,664.0,483.3076923076923,528.0,435.7692307692308,584.0,602.1538461538462
399,520.0,309.0,512.0,316.9230769230769,656.0,483.3076923076923,528.0,435.7692307692308,512.0,633.8461538461538
400,520.0,316.9230769230769,512.0,324.84615384615387,656.0,475.38461538461536,528.0,435.7692307692308,584.0,602.1538461538462
401,520.0,316.9230769230769,520.0,316.9230769230769,648.0,459.53846153846155,528.0,435.7692307692308,584.0,602.1538461538462
402,520.0,309.0,512.0,316.9230769230769,656.0,483.3076923076923,528.0,435.7692307692308,584.0,602.1538461538462
403,520.0,316.9230769230769,512.0,324.84615384615387,656.0,491.2307692307692,528.0,435.7692307692308,584.0,602.1538461538462
404,456.0,190.15384615384616,472.0,182.23076923076923,640.0,324.84615384615387,504.0,419.9230769230769,544.0,594.2307692307693
405,456.0,190.15384615384616,472.0,190.15384615384616,640.0,324.84615384615387,504.0,412.0,544.0,594.2307692307693
406,456.0,190.15384615384616,472.0,190.15384615384616,640.0,324.84615384615387,504.0,419.9230769230769,544.0,586.3076923076923
407,456.0,190.15384615384616,472.0,182.23076923076923,640.0,324.84615384615387,504.0,419.9230769230769,544.0,586.3076923076923
408,456.0,190.15384615384616,472.0,190.15384615384616,640.0,324.84615384615387,504.0,419.9230769230769,552.0,594.2307692307693
409,456.0,190.15384615384616,472.0,190.15384615384616,640.0,324.84615384615387,504.0,419.9230769230769,544.0,586.3076923076923
410,456.0,198.07692307692307,472.0,190.15384615384616,640.0,316.9230769230769,504.0,412.0,544.0,586.3076923076923
411,456.0,198.07692307692307,472.0,190.15384615384616,640.0,316.9230769230769,504.0,412.0,544.0,594.2307692307693
412,456.0,198.07692307692307,472.0,190.15384615384616,640.0,316.9230769230769,504.0,412.0,544.0,586.3076923076923
413,456.0,190.15384615384616,472.0,182.23076923076923,640.0,316.9230769230769,504.0,419.9230769230769,544.0,594.2307692307693
414,504.0,221.84615384615384,504.0,221.84615384615384,656.0,419.9230769230769,536.0,435.7692307692308,584.0,625.9230769230769
415,488.0,229.76923076923077,472.0,237.69230769230768,616.0,388.2307692307692,480.0,435.7692307692308,552.0,578.3846153846154
416,488.0,229.76923076923077,472.0,237.69230769230768,624.0,396.15384615384613,480.0,435.7692307692308,552.0,578.3846153846154
417,488.0,229.76923076923077,472.0,229.76923076923077,648.0,412.0,480.0,435.7692307692308,552.0,578.3846153846154
418,488.0,221.84615384615384,472.0,229.76923076923077,624.0,396.15384615384613,488.0,443.6923076923077,552.0,586.3076923076923
419,488.0,221.84615384615384,472.0,229.76923076923077,648.0,404.0769230769231,480.0,443.6923076923077,552.0,586.3076923076923
420,488.0,221.84615384615384,472.0,229.76923076923077,648.0,412.0,480.0,443.6923076923077,552.0,578.3846153846154
421,480.0,221.84615384615384,472.0,229.76923076923077,616.0,388.2307692307692,472.0,435.7692307692308,544.0,570.4615384615385
422,488.0,221.84615384615384,472.0,229.76923076923077,640.0,404.0769230769231,480.0,443.6923076923077,552.0,578.3846153846154
423,488.0,221.84615384615384,472.0,229.76923076923077,640.0,404.0769230769231,480.0,443.6923076923077,552.0,578.3846153846154
424,488.0,221.84615384615384,472.0,229.76923076923077,616.0,388.2307692307692,472.0,435.7692307692308,552.0,578.3846153846154
425,488.0,253.53846153846155,480.0,261.46153846153845,648.0,396.15384615384613,480.0,435.7692307692308,560.0,586.3076923076923
426,488.0,253.53846153846155,480.0,261.46153846153845,640.0,396.15384615384613,480.0,435.7692307692308,560.0,586.3076923076923
427,488.0,253.53846153846155,480.0,261.46153846153845,640.0,388.2307692307692,480.0,435.7692307692308,560.0,586.3076923076923
428,488.0,253.53846153846155,480.0,261.46153846153845,640.0,396.15384615384613,480.0,435.7692307692308,560.0,586.3076923076923
429,488.0,253.53846153846155,480.0,261.46153846153845,640.0,388.2307692307692,480.0,435.7692307692308,560.0,586.3076923076923
430,480.0,261.46153846153845,472.0,269.38461538461536,632.0,396.15384615384613,480.0,435.7692307692308,560.0,594.2307692307693
431,480.0,261.46153846153845,480.0,269.38461538461536,640.0,396.15384615384613,480.0,435.7692307692308,560.0,586.3076923076923
432,480.0,261.46153846153845,472.0,269.38461538461536,648.0,396.15384615384613,480.0,435.7692307692308,560.0,586.3076923076923
433,480.0,261.46153846153845,472.0,269.38461538461536,656.0,396.15384615384613,480.0,435.7692307692308,560.0,586.3076923076923
434,472.0,269.38461538461536,472.0,269.38461538461536,648.0,396.15384615384613,480.0,435.7692307692308,560.0,586.3076923076923
435,496.0,174.30769230769232,512.0,166.3846153846154,656.0,316.9230769230769,528.0,419.9230769230769,568.0,586.3076923076923
436,496.0,174.30769230769232,512.0,166.3846153846154,664.0,324.84615384615387,536.0,419.9230769230769,568.0,586.3076923076923
437,488.0,174.30769230769232,512.0,166.3846153846154,656.0,309.0,536.0,427.84615384615387,568.0,594.2307692307693
438,488.0,174.30769230769232,512.0,166.3846153846154,664.0,316.9230769230769,536.0,427.84615384615387,568.0,594.2307692307693
439,488.0,174.30769230769232,512.0,166.3846153846154,656.0,316.9230769230769,536.0,427.84615384615387,568.0,594.2307692307693
440,488.0,174.30769230769232,512.0,166.3846153846154,656.0,316.9230769230769,536.0,427.84615384615387,568.0,594.2307692307693
441,488.0,174.30769230769232,504.0,166.3846153846154,656.0,316.9230769230769,528.0,427.84615384615387,568.0,594.2307692307693
442,488.0,174.30769230769232,504.0,166.3846153846154,648.0,324.84615384615387,528.0,427.84615384615387,568.0,594.2307692307693
443,488.0,174.30769230769232,504.0,166.3846153846154,656.0,324.84615384615387,528.0,427.84615384615387,568.0,594.2307692307693
444,488.0,174.30769230769232,504.0,166.3846153846154,656.0,316.9230769230769,528.0,419.9230769230769,568.0,594.2307692307693
445,496.0,245.6153846153846,520.0,237.69230769230768,648.0,412.0,520.0,443.6923076923077,584.0,625.9230769230769
446,488.0,237.69230769230768,472.0,245.6153846153846,640.0,396.15384615384613,512.0,427.84615384615387,560.0,602.1538461538462
447,488.0,237.69230769230768,480.0,237.69230769230768,648.0,404.0769230769231,512.0,427.84615384615387,560.0,602.1538461538462
448,488.0,237.69230769230768,480.0,237.69230769230768,648.0,404.0769230769231,512.0,427.84615384615387,560.0,602.1538461538462
449,488.0,237.69230769230768,480.0,237.69230769230768,640.0,404.0769230769231,512.0,427.84615384615387,560.0,602.1538461538462
450,488.0,237.69230769230768,480.0,237.69230769230768,640.0,404.0769230769231,512.0,427.84615384615387,560.0,594.2307692307693
451,488.0,237.69230769230768,480.0,237.69230769230768,648.0,404.0769230769231,512.0,427.84615384615387,560.0,602.1538461538462
452,488.0,237.69230769230768,480.0,237.69230769230768,648.0,404.0769230769231,512.0,427.84615384615387,560.0,602.1538461538462
453,480.0,237.69230769230768,480.0,237.69230769230768,640.0,396.15384615384613,512.0,427.84615384615387,560.0,602.1538461538462
454,480.0,237.69230769230768,480.0,237.69230769230768,648.0,396.15384615384613,512.0,427.84615384615387,560.0,602.1538461538462
455,480.0,237.69230769230768,480.0,237.69230769230768,648.0,388.2307692307692,520.0,427.84615384615387,560.0,602.1538461538462
456,456.0,213.92307692307693,472.0,206.0,640.0,348.61538461538464,528.0,427.84615384615387,568.0,610.0769230769231
457,464.0,206.0,480.0,206.0,648.0,348.61538461538464,528.0,427.84615384615387,568.0,618.0
458,464.0,213.92307692307693,480.0,206.0,648.0,348.61538461538464,528.0,427.84615384615387,568.0,610.0769230769231
459,464.0,206.0,480.0,206.0,648.0,340.6923076923077,528.0,419.9230769230769,568.0,610.0769230769231
460,464.0,206.0,480.0,198.07692307692307,664.0,356.53846153846155,528.0,419.9230769230769,568.0,610.0769230769231
461,464.0,206.0,488.0,198.07692307692307,656.0,348.61538461538464,528.0,419.9230769230769,568.0,610.0769230769231
462,472.0,206.0,488.0,198.07692307692307,656.0,348.61538461538464,528.0,419.9230769230769,568.0,618.0
463,472.0,206.0,488.0,198.07692307692307,656.0,348.61538461538464,528.0,419.9230769230769,568.0,610.0769230769231
464,472.0,206.0,488.0,198.07692307692307,648.0,348.61538461538464,528.0,419.9230769230769,568.0,610.0769230769231
465,464.0,198.07692307692307,488.0,190.15384615384616,648.0,348.61538461538464,528.0,419.9230769230769,568.0,610.0769230769231
466,488.0,158.46153846153845,488.0,166.3846153846154,640.0,324.84615384615387,536.0,427.84615384615387,584.0,649.6923076923077
467,488.0,158.46153846153845,488.0,166.3846153846154,648.0,316.9230769230769,536.0,427.84615384615387,584.0,641.7692307692307
468,480.0,158.46153846153845,480.0,166.3846153846154,656.0,324.84615384615387,536.0,427.84615384615387,584.0,649.6923076923077
469,480.0,158.46153846153845,480.0,166.3846153846154,648.0,324.84615384615387,544.0,427.84615384615387,584.0,649.6923076923077
470,488.0,158.46153846153845,480.0,166.3846153846154,648.0,324.84615384615387,536.0,435.7692307692308,584.0,649.6923076923077
471,488.0,158.46153846153845,488.0,166.3846153846154,640.0,324.84615384615387,528.0,435.7692307692308,504.0,530.8461538461538
472,488.0,158.46153846153845,488.0,166.3846153846154,640.0,332.7692307692308,520.0,427.84615384615387,584.0,649.6923076923077
473,488.0,166.3846153846154,488.0,174.30769230769232,632.0,356.53846153846155,512.0,435.7692307692308,584.0,649.6923076923077
474,488.0,174.30769230769232,488.0,182.23076923076923,600.0,372.38461538461536,504.0,435.7692307692308,584.0,649.6923076923077
475,488.0,182.23076923076923,488.0,182.23076923076923,632.0,356.53846153846155,504.0,435.7692307692308,584.0,649.6923076923077
476,496.0,213.92307692307693,496.0,213.92307692307693,640.0,396.15384615384613,528.0,435.7692307692308,592.0,649.6923076923077
477,496.0,206.0,504.0,206.0,640.0,396.15384615384613,528.0,435.7692307692308,592.0,649.6923076923077
478,496.0,206.0,496.0,213.92307692307693,640.0,388.2307692307692,528.0,435.7692307692308,592.0,649.6923076923077
479,496.0,206.0,504.0,206.0,640.0,388.2307692307692,536.0,435.7692307692308,592.0,657.6153846153846
480,496.0,206.0,504.0,206.0,648.0,380.3076923076923,536.0,435.7692307692308,592.0,657.6153846153846
481,496.0,206.0,504.0,206.0,640.0,388.2307692307692,536.0,435.7692307692308,592.0,657.6153846153846
482,488.0,206.0,496.0,206.0,656.0,372.38461538461536,536.0,435.7692307692308,592.0,649.6923076923077
483,480.0,206.0,496.0,198.07692307692307,648.0,388.2307692307692,544.0,435.7692307692308,592.0,649.6923076923077
484,480.0,206.0,488.0,198.07692307692307,648.0,364.46153846153845,544.0,435.7692307692308,592.0,649.6923076923077
485,488.0,198.07692307692307,480.0,206.0,632.0,364.46153846153845,552.0,427.84615384615387,592.0,649.6923076923077
486,448.0,229.76923076923077,448.0,229.76923076923077,632.0,388.2307692307692,488.0,435.7692307692308,560.0,594.2307692307693
487,448.0,229.76923076923077,440.0,237.69230769230768,632.0,388.2307692307692,488.0,435.7692307692308,568.0,610.0769230769231
488,448.0,229.76923076923077,440.0,237.69230769230768,608.0,380.3076923076923,488.0,435.7692307692308,568.0,610.0769230769231
489,448.0,221.84615384615384,440.0,237.69230769230768,632.0,388.2307692307692,488.0,435.7692307692308,560.0,602.1538461538462
490,448.0,221.84615384615384,440.0,237.69230769230768,640.0,388.2307692307692,488.0,435.7692307692308,568.0,610.0769230769231
491,448.0,221.84615384615384,440.0,237.69230769230768,632.0,388.2307692307692,488.0,435.7692307692308,568.0,610.0769230769231
492,448.0,229.76923076923077,440.0,237.69230769230768,632.0,388.2307692307692,488.0,435.7692307692308,568.0,610.0769230769231
493,448.0,221.84615384615384,440.0,229.76923076923077,616.0,380.3076923076923,488.0,435.7692307692308,568.0,610.0769230769231
494,448.0,221.84615384615384,440.0,229.76923076923077,624.0,388.2307692307692,568.0,618.0,560.0,594.2307692307693
495,448.0,221.84615384615384,440.0,229.76923076923077,632.0,388.2307692307692,488.0,435.7692307692308,568.0,610.0769230769231
496,448.0,316.9230769230769,456.0,324.84615384615387,688.0,372.38461538461536,528.0,427.84615384615387,576.0,586.3076923076923
497,448.0,316.9230769230769,456.0,324.84615384615387,688.0,380.3076923076923,520.0,427.84615384615387,576.0,586.3076923076923
498,440.0,324.84615384615387,456.0,316.9230769230769,688.0,380.3076923076923,520.0,419.9230769230769,576.0,586.3076923076923
499,448.0,324.84615384615387,464.0,324.84615384615387,688.0,372.38461538461536,520.0,427.84615384615387,576.0,586.3076923076923
500,448.0,324.84615384615387,456.0,324.84615384615387,688.0,372.38461538461536,520.0,419.9230769230769,576.0,586.3076923076923
501,448.0,332.7692307692308,456.0,340.6923076923077,688.0,372.38461538461536,536.0,451.61538461538464,576.0,586.3076923076923
502,440.0,340.6923076923077,456.0,348.61538461538464,688.0,372.38461538461536,536.0,451.61538461538464,576.0,586.3076923076923
503,448.0,356.53846153846155,472.0,364.46153846153845,688.0,364.46153846153845,536.0,451.61538461538464,576.0,586.3076923076923
504,448.0,364.46153846153845,464.0,364.46153846153845,688.0,356.53846153846155,536.0,451.61538461538464,576.0,586.3076923076923
505,440.0,364.46153846153845,464.0,372.38461538461536,688.0,364.46153846153845,536.0,459.53846153846155,576.0,586.3076923076923
506,448.0,253.53846153846155,440.0,277.3076923076923,648.0,380.3076923076923,496.0,443.6923076923077,584.0,594.2307692307693
507,448.0,261.46153846153845,440.0,277.3076923076923,648.0,380.3076923076923,496.0,443.6923076923077,584.0,594.2307692307693
508,448.0,253.53846153846155,440.0,277.3076923076923,648.0,388.2307692307692,496.0,443.6923076923077,584.0,594.2307692307693
509,448.0,261.46153846153845,440.0,277.3076923076923,632.0,372.38461538461536,504.0,451.61538461538464,584.0,594.2307692307693
510,448.0,261.46153846153845,440.0,277.3076923076923,648.0,388.2307692307692,496.0,443.6923076923077,584.0,594.2307692307693
511,440.0,261.46153846153845,440.0,277.3076923076923,640.0,380.3076923076923,496.0,443.6923076923077,584.0,594.2307692307693
512,448.0,261.46153846153845,440.0,285.2307692307692,640.0,380.3076923076923,496.0,443.6923076923077,584.0,594.2307692307693
513,448.0,253.53846153846155,440.0,277.3076923076923,640.0,388.2307692307692,488.0,443.6923076923077,584.0,594.2307692307693
514,448.0,261.46153846153845,440.0,277.3076923076923,640.0,372.38461538461536,496.0,443.6923076923077,584.0,594.2307692307693
515,440.0,261.46153846153845,440.0,277.3076923076923,640.0,372.38461538461536,496.0,443.6923076923077,584.0,594.2307692307693
516,504.0,206.0,520.0,198.07692307692307,640.0,380.3076923076923,512.0,419.9230769230769,560.0,594.2307692307693
517,504.0,324.84615384615387,488.0,332.7692307692308,640.0,515.0,496.0,427.84615384615387,560.0,586.3076923076923
518,504.0,324.84615384615387,488.0,332.7692307692308,640.0,499.15384615384613,496.0,427.84615384615387,560.0,586.3076923076923
519,504.0,324.84615384615387,496.0,324.84615384615387,640.0,515.0,496.0,427.84615384615387,560.0,586.3076923076923
520,504.0,324.84615384615387,488.0,332.7692307692308,640.0,515.0,496.0,427.84615384615387,568.0,586.3076923076923
521,504.0,324.84615384615387,488.0,332.7692307692308,640.0,507.0769230769231,496.0,427.84615384615387,568.0,586.3076923076923
522,504.0,324.84615384615387,488.0,332.7692307692308,640.0,515.0,496.0,427.84615384615387,560.0,586.3076923076923
523,504.0,324.84615384615387,488.0,332.7692307692308,640.0,507.0769230769231,496.0,427.84615384615387,560.0,578.3846153846154
524,504.0,324.84615384615387,488.0,332.7692307692308,640.0,515.0,496.0,427.84615384615387,560.0,586.3076923076923
525,496.0,332.7692307692308,488.0,340.6923076923077,640.0,515.0,496.0,427.84615384615387,560.0,586.3076923076923
526,496.0,332.7692307692308,488.0,340.6923076923077,640.0,515.0,496.0,427.84615384615387,568.0,594.2307692307693
527,480.0,309.0,472.0,316.9230769230769,648.0,435.7692307692308,504.0,427.84615384615387,584.0,586.3076923076923
528,480.0,301.0769230769231,472.0,316.9230769230769,648.0,427.84615384615387,504.0,427.84615384615387,576.0,578.3846153846154
529,480.0,301.0769230769231,472.0,309.0,648.0,419.9230769230769,504.0,427.84615384615387,576.0,578.3846153846154
530,480.0,293.15384615384613,472.0,301.0769230769231,648.0,412.0,504.0,427.84615384615387,576.0,578.3846153846154
531,488.0,277.3076923076923,480.0,285.2307692307692,648.0,412.0,512.0,427.84615384615387,576.0,578.3846153846154
532,488.0,269.38461538461536,472.0,285.2307692307692,648.0,404.0769230769231,512.0,427.84615384615387,576.0,578.3846153846154
533,496.0,253.53846153846155,488.0,261.46153846153845,664.0,412.0,512.0,427.84615384615387,576.0,578.3846153846154
534,496.0,245.6153846153846,488.0,253.53846153846155,648.0,388.2307692307692,512.0,427.84615384615387,576.0,578.3846153846154
535,496.0,142.6153846153846,504.0,134.69230769230768,640.0,309.0,520.0,419.9230769230769,568.0,594.2307692307693
536,496.0,245.6153846153846,488.0,245.6153846153846,648.0,380.3076923076923,512.0,427.84615384615387,576.0,578.3846153846154
537,488.0,237.69230769230768,496.0,237.69230769230768,664.0,396.15384615384613,512.0,427.84615384615387,576.0,578.3846153846154
538,496.0,142.6153846153846,496.0,142.6153846153846,648.0,309.0,520.0,419.9230769230769,568.0,594.2307692307693
539,496.0,142.6153846153846,496.0,142.6153846153846,656.0,316.9230769230769,520.0,419.9230769230769,568.0,594.2307692307693
540,496.0,142.6153846153846,504.0,142.6153846153846,648.0,316.9230769230769,520.0,419.9230769230769,568.0,586.3076923076923
541,496.0,142.6153846153846,504.0,142.6153846153846,632.0,324.84615384615387,512.0,419.9230769230769,568.0,594.2307692307693
542,496.0,150.53846153846155,496.0,150.53846153846155,648.0,316.9230769230769,512.0,419.9230769230769,568.0,594.2307692307693
543,496.0,150.53846153846155,504.0,142.6153846153846,640.0,316.9230769230769,512.0,419.9230769230769,568.0,594.2307692307693
544,496.0,142.6153846153846,496.0,142.6153846153846,640.0,316.9230769230769,520.0,419.9230769230769,568.0,578.3846153846154
545,496.0,142.6153846153846,504.0,142.6153846153846,640.0,316.9230769230769,512.0,419.9230769230769,568.0,594.2307692307693
546,488.0,150.53846153846155,496.0,150.53846153846155,640.0,316.9230769230769,512.0,419.9230769230769,568.0,594.2307692307693
547,488.0,213.92307692307693,480.0,221.84615384615384,680.0,364.46153846153845,512.0,419.9230769230769,560.0,546.6923076923077
548,480.0,213.92307692307693,480.0,221.84615384615384,680.0,364.46153846153845,512.0,419.9230769230769,560.0,554.6153846153846
549,480.0,213.92307692307693,480.0,221.84615384615384,680.0,364.46153846153845,512.0,419.9230769230769,560.0,562.5384615384615
550,488.0,213.92307692307693,480.0,221.84615384615384,680.0,364.46153846153845,512.0,419.9230769230769,560.0,554.6153846153846
551,488.0,213.92307692307693,480.0,221.84615384615384,680.0,364.46153846153845,512.0,419.9230769230769,560.0,554.6153846153846
552,488.0,213.92307692307693,480.0,221.84615384615384,680.0,364.46153846153845,512.0,419.9230769230769,560.0,554.6153846153846
553,488.0,213.92307692307693,480.0,221.84615384615384,680.0,356.53846153846155,512.0,419.9230769230769,568.0,562.5384615384615
554,488.0,213.92307692307693,480.0,221.84615384615384,672.0,364.46153846153845,512.0,419.9230769230769,560.0,554.6153846153846
555,480.0,213.92307692307693,472.0,221.84615384615384,680.0,364.46153846153845,512.0,419.9230769230769,560.0,554.6153846153846
556,480.0,213.92307692307693,472.0,221.84615384615384,680.0,364.46153846153845,512.0,419.9230769230769,560.0,554.6153846153846
557,464.0,213.92307692307693,488.0,198.07692307692307,672.0,332.7692307692308,536.0,419.9230769230769,560.0,618.0
558,464.0,213.92307692307693,480.0,206.0,672.0,324.84615384615387,536.0,419.9230769230769,568.0,610.0769230769231
559,464.0,213.92307692307693,480.0,206.0,680.0,332.7692307692308,536.0,419.9230769230769,560.0,610.0769230769231
560,464.0,213.92307692307693,480.0,206.0,680.0,332.7692307692308,544.0,419.9230769230769,568.0,610.0769230769231
561,464.0,213.92307692307693,480.0,206.0,680.0,332.7692307692308,544.0,419.9230769230769,568.0,610.0769230769231
562,464.0,213.92307692307693,480.0,206.0,680.0,332.7692307692308,544.0,419.9230769230769,568.0,610.0769230769231
563,464.0,206.0,488.0,190.15384615384616,672.0,324.84615384615387,544.0,419.9230769230769,568.0,610.0769230769231
564,464.0,206.0,488.0,198.07692307692307,672.0,324.84615384615387,544.0,419.9230769230769,568.0,610.0769230769231
565,472.0,182.23076923076923,488.0,174.30769230769232,672.0,332.7692307692308,536.0,419.9230769230769,568.0,610.0769230769231
566,488.0,158.46153846153845,488.0,158.46153846153845,672.0,316.9230769230769,536.0,419.9230769230769,568.0,610.0769230769231
